Num_Muestra,Meñique_%,Pulgar_%,Índice_%,Corazón_%,Anular_%,Acel_X,Acel_Y,Acel_Z,Gesto
1,16,27,31,0,54,9.9958,-1.7597,-1.2139,captura
1,16,28,31,0,54,9.7372,-1.7765,-1.0606,captura
1,16,29,31,0,54,9.7396,-2.0087,-0.917,captura
1,17,27,31,0,53,9.7803,-1.9728,-0.8021,captura
1,18,25,29,0,55,9.6319,-2.0925,-0.9313,captura
1,95,47,87,60,100,10.1035,-1.0487,-1.1444,captura
1,100,77,100,73,100,9.8689,-2.6552,-1.5131,captura
1,97,59,89,64,100,9.6606,0.2634,-0.7518,captura
1,100,56,97,69,100,11.0923,-4.786,1.2665,captura
1,100,74,100,72,100,8.7963,-1.0487,-1.5036,captura
1,92,62,91,60,100,10.1299,-0.7015,-0.3567,captura
1,26,29,27,0,59,10.0772,-1.9968,-1.5012,captura
1,0,20,17,0,16,9.7348,-1.6017,-1.4413,captura
1,0,19,20,0,21,9.8904,-1.9632,-1.1085,captura
1,0,19,25,0,30,9.8282,-1.8172,-0.9409,captura
1,2,19,27,0,37,9.9455,-1.8938,-1.1899,captura
1,2,19,28,0,38,9.7851,-1.7334,-1.1947,captura
1,4,19,28,0,43,9.6654,-2.1261,-0.9481,captura
1,5,19,29,0,46,9.7013,-1.9968,-0.929,captura
1,6,19,29,0,46,9.912,-2.1715,-0.8499,captura
2,15,20,29,0,50,9.8497,-1.561,-1.2354,captura
2,15,22,29,0,50,9.6534,-1.743,-1.0271,captura
2,15,22,29,0,50,9.7181,-2.0327,-0.9266,captura
2,18,25,34,0,66,9.5936,-2.0806,-0.9936,captura
2,100,68,100,71,100,12.7395,-1.5802,3.6512,captura
2,97,62,97,67,100,10.0173,-2.976,-0.3089,captura
2,61,36,65,40,100,9.3422,-2.0734,-3.2154,captura
2,98,67,99,70,100,7.8769,-0.8308,-3.553,captura
2,47,30,68,26,100,8.8777,2.296,-0.4405,captura
2,0,3,0,0,16,10.1011,-3.8116,-1.5036,captura
2,7,14,12,0,34,9.7947,-2.2625,-0.577,captura
2,11,17,26,0,51,9.8497,-1.7789,-0.9864,captura
2,16,17,29,0,55,9.9216,-2.3607,-1.233,captura
2,18,18,30,0,55,9.833,-2.0231,-0.9912,captura
2,18,18,30,0,56,9.8282,-2.2793,-0.9385,captura
2,18,18,30,0,56,9.8474,-2.0518,-1.0582,captura
2,18,18,30,0,54,9.7516,-1.8866,-1.0965,captura
2,17,17,30,0,56,9.8857,-2.1811,-0.929,captura
2,18,17,30,0,56,9.8761,-2.0087,-1.0726,captura
2,19,17,30,0,56,9.8785,-2.138,-0.838,captura
3,19,16,31,0,56,9.8521,-2.2984,-1.1468,captura
3,20,16,31,0,56,9.7109,-2.0853,-1.063,captura
3,20,16,31,0,56,9.8114,-2.1739,-1.1349,captura
3,20,19,31,0,56,9.7516,-2.0207,-0.8284,captura
3,20,21,31,0,56,9.7755,-2.0758,-1.0822,captura
3,55,25,55,19,100,9.2296,-2.9736,-2.6025,captura
3,100,70,100,72,100,7.4508,0.6847,-3.237,captura
3,99,56,91,62,100,9.8521,0.2227,-0.3352,captura
3,100,64,99,69,100,14.8512,-3.4237,4.4317,captura
3,99,70,98,66,100,9.9455,-0.7398,-0.5052,captura
3,78,40,77,44,100,9.6271,-2.2458,-0.6464,captura
3,27,25,27,0,54,9.9335,-1.9106,-0.9936,captura
3,17,21,28,0,46,9.7444,-2.6815,-1.1947,captura
3,22,21,30,0,50,9.8162,-1.9656,-0.8882,captura
3,24,21,31,0,52,9.7492,-2.2984,-0.9888,captura
3,26,21,31,0,55,9.7468,-2.2098,-1.0223,captura
3,27,20,31,0,56,9.754,-2.1691,-0.9744,captura
3,27,19,31,0,57,9.7827,-2.2314,-1.0271,captura
3,28,19,31,0,58,9.8665,-2.2625,-1.0104,captura
3,28,19,31,0,58,9.7947,-2.1931,-0.9888,captura
4,30,19,32,0,58,9.8737,-2.1548,-1.0942,captura
4,30,19,32,0,58,9.7181,-1.8747,-0.9673,captura
4,30,19,32,0,58,9.9311,-2.0662,-0.8332,captura
4,30,21,32,0,58,9.9168,-2.0183,-0.7877,captura
4,30,25,33,0,59,9.7827,-2.4588,-0.8188,captura
4,43,27,44,5,92,9.402,-2.6863,-1.0798,captura
4,100,63,100,70,100,12.5935,-1.8052,4.2928,captura
4,100,68,100,69,100,9.6702,-2.6025,-0.7877,captura
4,92,48,88,55,100,9.6678,-1.9369,-0.5507,captura
4,44,23,15,0,58,9.8162,-2.9137,-1.7933,captura
4,35,19,12,0,61,9.8474,-1.0774,-0.3472,captura
4,100,66,98,67,100,11.9806,0.3352,1.7669,captura
4,99,63,96,63,100,9.8713,-1.4245,-0.6943,captura
4,67,34,74,29,100,10.0533,-3.2896,-0.5555,captura
4,10,22,19,0,33,9.5098,-2.1955,-1.4102,captura
4,0,18,9,0,16,9.9742,-2.1548,-0.4669,captura
4,0,18,9,0,17,9.7659,-2.0279,-0.9792,captura
4,1,18,11,0,19,9.8713,-2.229,-1.0606,captura
4,6,18,21,0,36,9.8306,-2.1213,-1.0702,captura
4,9,18,25,0,43,9.8497,-1.9704,-1.0798,captura
5,22,25,29,0,51,9.6582,-1.9178,-1.3599,captura
5,23,27,30,0,52,10.0221,-1.7957,-1.2881,captura
5,24,23,31,0,52,9.912,-1.8316,-1.0295,captura
5,24,26,30,0,52,9.754,-1.9944,-1.1157,captura
5,57,22,66,21,100,9.2823,-2.3032,-2.7174,captura
5,100,63,100,70,100,7.865,-0.1293,-2.7533,captura
5,99,63,97,65,100,9.6462,-1.5419,-0.8811,captura
5,66,34,70,31,100,9.7995,-2.2075,-0.1748,captura
5,100,29,84,59,100,9.402,-2.3415,-2.3798,captura
5,100,63,97,69,100,9.8066,-4.458,-1.7861,captura
5,96,56,94,62,100,10.1897,-1.6927,-0.0503,captura
5,55,24,59,24,100,9.7659,-2.4301,-1.3264,captura
5,13,0,17,0,41,9.9192,-1.6568,-1.2186,captura
5,5,0,17,0,31,9.9144,-2.1308,-1.1372,captura
5,7,0,23,0,38,9.8545,-2.0782,-1.0702,captura
5,12,8,27,0,47,9.8234,-2.0782,-1.1612,captura
5,17,9,28,0,51,9.7612,-2.0063,-0.929,captura
5,18,12,29,0,53,9.8354,-2.2865,-1.0056,captura
5,20,13,29,0,54,9.821,-2.2865,-0.9361,captura
5,20,13,29,0,54,9.754,-2.229,-1.0415,captura
6,23,17,28,0,55,9.9479,-1.5395,-1.4365,captura
6,23,14,31,0,55,9.7588,-1.743,-1.2929,captura
6,23,15,31,0,55,9.9216,-1.5586,-1.0918,captura
6,23,15,31,0,55,9.8641,-1.6185,-0.8595,captura
6,23,19,31,0,57,9.912,-2.2362,-0.8452,captura
6,82,30,78,42,100,8.8011,-2.4684,-3.4117,captura
6,100,69,100,72,100,9.8761,-4.5346,-1.9369,captura
6,100,66,98,68,100,9.074,-1.7142,-1.5083,captura
6,93,23,86,56,100,10.0868,-1.5395,-0.9074,captura
6,61,0,11,12,85,9.7851,-2.6001,-1.6305,captura
6,95,0,83,59,100,10.0987,-1.2474,-1.0343,captura
6,99,58,99,69,100,10.3717,-4.1372,-0.7015,captura
6,96,62,98,66,100,9.5409,-2.2577,-0.972,captura
6,87,38,90,54,100,9.8641,-1.719,-0.4477,captura
6,37,5,48,9,86,9.8497,-3.1292,-1.1492,captura
6,13,0,28,0,43,9.8761,-2.0901,-0.5148,captura
6,7,0,24,0,33,9.7516,-2.8276,-0.6823,captura
6,11,0,26,0,40,9.6678,-2.6767,-0.6345,captura
6,16,12,29,0,47,9.56,-2.6671,-0.8475,captura
6,19,12,30,0,51,9.7109,-2.7246,-0.68,captura
7,21,15,25,0,49,9.7875,-1.7023,-1.0319,captura
7,23,16,25,0,50,9.8545,-1.5897,-1.1133,captura
7,21,16,25,0,49,9.8282,-1.8028,-1.0942,captura
7,21,17,25,0,49,9.9551,-2.2362,-0.9984,captura
7,22,19,26,0,49,10.1131,-2.059,-0.5626,captura
7,51,19,56,16,98,9.426,-2.9975,-2.0686,captura
7,100,68,100,72,100,7.8697,3.7134,-3.7781,captura
7,100,67,97,68,100,9.414,-1.1516,-0.7973,captura
7,83,42,79,45,100,9.4236,-2.0997,-0.6895,captura
7,76,27,65,34,100,8.8825,-1.9824,-2.7438,captura
7,100,68,100,68,100,8.3869,-2.4804,-1.4269,captura
7,97,66,97,63,100,9.3757,-1.798,-0.0718,captura
7,69,34,74,30,100,9.7181,-2.557,-0.8619,captura
7,12,17,14,0,32,10.0006,-1.9632,-1.0606,captura
7,1,14,16,0,26,10.0844,-2.5139,-0.8667,captura
7,12,14,21,0,37,9.9838,-2.2577,-0.431,captura
7,20,14,25,0,49,9.9455,-2.2146,-0.5914,captura
7,23,15,25,0,51,9.8162,-2.2889,-0.7685,captura
7,24,15,26,0,52,9.4739,-2.4205,-0.9816,captura
7,24,15,26,0,53,9.4571,-2.3655,-1.0127,captura
8,26,21,28,0,53,9.9934,-1.5371,-1.5251,captura
8,28,21,28,0,51,9.821,-1.2402,-1.47,captura
8,30,23,27,0,50,9.7348,-1.4964,-1.5275,captura
8,34,25,37,0,74,9.3757,-1.9728,-1.6113,captura
8,100,62,100,68,100,14.1018,1.3288,7.7237,captura
8,100,59,99,65,100,9.7995,-2.7964,-1.1708,captura
8,83,41,82,42,100,9.7779,-2.4493,-0.4645,captura
8,100,43,96,62,100,10.4339,-3.1173,0.8428,captura
8,99,67,100,66,100,9.4715,-2.2865,-1.0582,captura
8,95,58,94,57,100,10.2544,-1.6735,-0.2227,captura
8,44,19,37,0,73,9.9479,-3.0143,-1.6352,captura
8,1,0,15,0,19,9.7755,-1.8028,-0.759,captura
8,0,0,17,0,20,9.742,-2.4014,-0.8715,captura
8,9,3,24,0,37,9.7636,-2.4421,-0.9792,captura
8,15,7,29,0,44,9.7468,-2.0758,-0.7973,captura
8,19,8,27,0,49,9.6055,-2.2649,-0.8811,captura
8,20,10,28,0,50,9.6989,-2.2745,-0.735,captura
8,21,10,28,0,50,9.742,-2.4349,-0.7997,captura
8,21,10,28,0,51,9.7516,-2.5283,-0.644,captura
8,22,10,28,0,51,9.7803,-2.5426,-0.7135,captura
9,24,13,28,0,55,10.0389,-2.399,-1.5395,captura
9,23,12,28,0,52,9.9311,-2.1261,-1.1612,captura
9,23,14,28,0,52,9.8545,-2.2362,-1.0654,captura
9,24,16,29,0,52,9.821,-2.5235,-0.9385,captura
9,25,17,30,0,53,9.6582,-2.0949,-0.8619,captura
9,83,21,79,41,100,9.2584,-2.9904,-1.312,captura
9,100,66,100,69,100,8.7652,-5.0446,-1.9585,captura
9,99,66,98,65,100,9.232,-2.2266,-0.8619,captura
9,89,38,85,48,100,9.5648,-2.5091,-0.3639,captura
9,12,0,1,0,32,9.5361,-2.3727,-1.549,captura
9,0,0,0,0,4,10.0772,-1.8938,-0.7326,captura
9,3,0,0,0,38,9.7276,-2.0087,-0.893,captura
9,100,30,92,65,100,9.9886,-2.6193,0.6393,captura
9,100,68,100,68,100,9.9072,-5.9783,-1.2522,captura
9,97,64,96,62,100,9.5361,-2.2482,-0.7829,captura
9,56,29,66,25,100,9.6869,-2.4636,-0.7997,captura
9,4,6,7,0,19,9.6558,-2.5762,-1.1708,captura
9,0,4,5,0,15,9.8737,-2.2482,-0.3304,captura
9,0,6,14,0,24,9.5672,-2.7533,-0.8787,captura
9,9,8,22,0,39,9.9431,-2.229,-0.7278,captura
10,20,16,26,0,51,9.6606,-2.3272,-0.972,captura
10,20,14,26,0,51,9.7564,-2.4062,-0.8787,captura
10,20,14,26,0,51,9.7923,-2.5738,-0.6488,captura
10,20,15,26,0,51,9.663,-2.4708,-0.4884,captura
10,23,19,29,0,62,9.6582,-2.6121,-0.6105,captura
10,93,23,67,50,100,9.3733,-2.9544,-0.9337,captura
10,100,51,97,70,100,8.8514,-1.4413,-1.3743,captura
10,100,60,97,69,100,9.4906,-1.5131,-0.0694,captura
10,97,53,95,64,100,9.9144,-2.9257,-0.4549,captura
10,78,25,67,35,100,9.4906,-2.8563,-0.5339,captura
10,45,0,4,0,53,9.8354,-2.3224,-0.6464,captura
10,43,0,17,4,82,9.6654,-2.8611,-1.1013,captura
10,100,35,94,67,100,10.5704,-2.6695,0.9194,captura
10,99,69,100,69,100,10.2496,-5.9855,-0.5818,captura
10,96,68,97,66,100,9.4188,-3.2681,-0.2538,captura
10,90,52,89,53,100,10.07,-2.2075,-0.2897,captura
10,44,13,34,0,62,9.6055,-3.0598,-1.1109,captura
10,5,8,12,0,20,9.8641,-2.0806,-0.5938,captura
10,1,9,12,0,19,9.9383,-2.6624,-0.7398,captura
10,3,12,18,0,25,9.6726,-2.8132,-0.8188,captura
11,19,14,29,0,51,9.9335,-1.5538,-1.2234,captura
11,19,15,28,0,51,9.8545,-1.7502,-0.9649,captura
11,19,15,28,0,51,9.833,-1.7406,-0.8045,captura
11,18,14,28,0,54,9.8761,-1.8124,-0.8906,captura
11,50,28,58,16,100,9.9288,-2.2889,-1.1564,captura
11,100,59,100,69,100,13.2136,-1.652,3.45,captura
11,100,70,99,69,100,9.596,-0.7614,-0.8236,captura
11,97,65,97,65,100,9.6558,-1.7286,-1.5012,captura
11,88,51,90,51,100,10.0652,-2.3128,-0.8739,captura
11,53,18,45,7,77,9.9359,-2.1596,-1.1588,captura
11,47,12,18,0,63,10.1778,-1.6688,-0.6081,captura
11,81,22,71,41,100,9.4116,-2.2458,-1.7334,captura
11,100,71,98,65,100,9.2081,-3.2992,-1.5371,captura
11,98,76,98,64,100,9.7612,-2.0016,-0.4884,captura
11,94,75,96,60,100,9.8809,-2.138,-1.0965,captura
11,79,41,80,38,100,9.6774,-1.0894,-0.5938,captura
11,29,18,22,0,42,9.8186,-2.3415,-1.2163,captura
11,15,11,21,0,32,9.8665,-2.1763,-0.8212,captura
11,18,10,27,0,40,9.7899,-2.3822,-1.0127,captura
11,23,12,29,0,47,9.8114,-2.1715,-0.9984,captura
12,30,16,32,0,55,9.924,-1.5395,-1.0534,captura
12,31,16,32,0,55,9.9024,-1.6017,-1.0367,captura
12,31,18,33,0,55,9.8258,-1.5443,-0.7685,captura
12,31,21,33,0,59,9.6654,-1.8531,-0.8116,captura
12,45,27,55,5,96,9.5385,-2.0806,-0.8164,captura
12,100,61,100,66,100,14.3628,-2.478,5.77,captura
12,100,71,99,68,100,9.6558,-1.6065,-0.6321,captura
12,97,73,99,64,100,9.5505,-2.0399,-1.0726,captura
12,95,67,97,60,100,10.1179,-2.1739,-0.5243,captura
12,80,34,85,38,100,10.2113,-2.7485,0.3567,captura
12,44,1,25,0,63,9.8545,-2.624,-1.3599,captura
12,22,0,29,0,64,9.6822,-2.2505,-1.1803,captura
12,100,42,97,62,100,10.9104,-0.3065,0.9481,captura
12,96,69,100,65,100,9.426,-1.6065,-0.5291,captura
12,94,68,99,61,100,9.5984,-1.4006,-0.3783,captura
12,92,59,94,55,100,10.1825,-2.6217,-0.4741,captura
12,50,15,58,6,82,10.0485,-2.7821,-0.7685,captura
12,5,0,12,0,16,9.8426,-2.0183,-0.4788,captura
12,0,0,5,0,12,9.7779,-2.3439,-0.7925,captura
12,0,0,8,0,14,9.7971,-2.2769,-0.7997,captura
13,16,10,23,0,44,9.8426,-2.2362,-0.9002,captura
13,16,11,23,0,44,9.8426,-2.1931,-0.9768,captura
13,17,12,24,0,44,9.7731,-2.2936,-0.7757,captura
13,17,15,24,0,45,9.7971,-2.3559,-0.9768,captura
13,22,18,31,0,67,9.7061,-2.2721,-0.7997,captura
13,49,24,55,10,100,9.7085,-2.8874,-1.336,captura
13,100,59,99,67,100,11.4922,-1.1444,2.9951,captura
13,100,68,98,68,100,9.7971,-1.8914,-0.2322,captura
13,98,63,96,63,100,9.7923,-2.7557,-0.6009,captura
13,79,30,78,40,100,9.56,-2.4852,-0.9553,captura
13,56,8,28,4,77,9.6199,-2.2649,-0.9936,captura
13,71,10,55,30,100,9.7755,-2.0853,-1.1109,captura
13,100,62,98,64,100,11.7914,-2.3607,0.2705,captura
13,97,68,97,64,100,9.8019,-1.81,0.0263,captura
13,94,63,95,60,100,9.675,-2.308,-1.4892,captura
13,72,27,73,32,100,9.7396,-2.3894,-0.7542,captura
13,38,11,30,0,59,9.8378,-2.3655,-1.0056,captura
13,35,12,30,0,55,9.8713,-3.0023,-0.747,captura
13,37,14,32,0,59,9.8019,-2.4397,-0.7494,captura
13,38,14,33,0,60,9.7037,-2.387,-0.8643,captura
14,42,12,34,0,63,9.8282,-1.9872,-1.0199,captura
14,42,15,34,0,63,9.8282,-1.9585,-0.7757,captura
14,42,18,35,0,63,9.8904,-2.1261,-0.8452,captura
14,42,21,36,0,64,9.7516,-2.1811,-1.0439,captura
14,86,26,79,39,100,9.1099,-2.2889,-2.3176,captura
14,100,68,99,66,100,8.7652,-5.2625,-0.8619,captura
14,99,68,97,63,100,9.177,-2.5115,-0.656,captura
14,92,47,86,49,100,9.7085,-1.6472,-0.7566,captura
14,61,12,23,7,84,9.9335,-2.4636,-1.1301,captura
14,99,25,92,58,100,9.8019,-1.2833,-0.3208,captura
14,98,66,97,64,100,9.7061,-4.5346,-0.7997,captura
14,95,65,95,60,100,9.1267,-2.296,-1.798,captura
14,67,21,52,22,100,9.481,-1.4341,-1.3791,captura
14,16,0,0,0,23,9.8641,-1.6831,-0.9194,captura
14,6,0,0,0,12,9.6774,-2.6528,-0.6632,captura
14,4,1,0,0,15,9.7564,-2.727,-0.6416,captura
14,4,3,9,0,23,9.7396,-2.5905,-0.9146,captura
14,6,7,15,0,32,9.7229,-2.4588,-0.9409,captura
14,7,8,17,0,34,9.7516,-2.3487,-0.9816,captura
14,9,9,18,0,35,9.7564,-2.3343,-0.8212,captura
15,13,10,25,0,50,9.8785,-1.7669,-1.0175,captura
15,13,10,23,0,50,9.7971,-1.9417,-1.0175,captura
15,13,10,23,0,50,9.9335,-2.2841,-0.8811,captura
15,13,11,23,0,50,9.7971,-2.4517,-0.644,captura
15,30,18,44,0,85,9.5505,-2.7198,-1.81,captura
15,100,64,100,68,100,13.0197,-1.8603,5.7245,captura
15,99,71,98,68,100,9.8019,-2.0638,-0.4094,captura
15,97,66,96,62,100,9.9288,-2.6647,-0.5291,captura
15,65,26,61,31,100,9.584,-2.3391,-1.3336,captura
15,57,11,42,17,100,9.5529,-2.2075,-0.7709,captura
15,98,64,97,62,100,10.8984,-4.2234,0.2897,captura
15,94,65,96,59,100,8.8992,-1.573,-1.1899,captura
15,93,52,94,56,100,9.809,-3.972,-0.9505,captura
15,62,7,49,1,79,9.2201,-1.8555,-0.9122,captura
15,0,0,0,0,9,9.7851,-2.6911,-0.7805,captura
15,0,0,0,0,5,9.8258,-2.9832,-0.747,captura
15,0,0,0,0,10,9.8904,-2.2098,-0.4621,captura
15,0,0,6,0,16,9.7995,-2.3367,-0.6177,captura
15,0,0,11,0,20,9.6845,-2.2625,-0.8978,captura
15,0,1,12,0,22,9.6893,-2.3152,-1.0032,captura
16,16,10,19,0,44,9.6247,-1.7885,-1.1827,captura
16,16,10,20,0,44,9.9168,-2.1691,-0.8332,captura
16,16,10,20,0,44,9.7061,-2.3487,-0.7063,captura
16,15,12,22,0,44,9.9671,-2.727,-0.2418,captura
16,40,29,55,4,87,9.4116,-3.5985,-1.1444,captura
16,100,48,94,60,100,10.161,-2.9592,0.5674,captura
16,100,68,97,65,100,9.4332,-4.3359,-1.0415,captura
16,97,66,95,62,100,9.1961,-2.3966,-0.7781,captura
16,90,49,87,51,100,9.7516,-1.8124,-0.1053,captura
16,51,5,19,0,60,9.6654,-2.9497,-0.6201,captura
16,23,0,0,0,29,9.742,-2.557,-0.3041,captura
16,55,8,47,20,100,9.4236,-2.138,-1.3144,captura
16,99,55,97,61,100,9.8066,-3.4069,0.2418,captura
16,97,67,97,63,100,9.2201,-2.4229,-0.5698,captura
16,93,59,92,57,100,9.8019,-2.8802,-0.2131,captura
16,42,15,21,0,52,9.5768,-2.4301,-1.2186,captura
16,0,4,0,0,8,9.9168,-1.8052,-0.2179,captura
16,0,5,7,0,16,9.6893,-2.9233,-0.3903,captura
16,2,8,16,0,28,9.7109,-2.8994,-0.4501,captura
16,8,9,20,0,36,9.6941,-2.9185,-0.6776,captura
17,20,12,24,0,49,9.6103,-2.1979,-0.9577,captura
17,20,11,24,0,49,9.8138,-2.2482,-0.8188,captura
17,20,11,24,0,49,9.8474,-2.3655,-0.6369,captura
17,20,11,24,0,49,9.7612,-2.3631,-0.7039,captura
17,20,12,24,0,50,9.8857,-2.5594,-0.7853,captura
17,33,16,25,0,61,9.9311,-2.3056,-0.577,captura
17,50,19,33,9,80,9.7899,-2.6767,-0.7183,captura
17,93,26,81,52,100,9.5696,-1.9417,-1.3647,captura
17,100,68,98,69,100,7.9344,0.1556,-1.5826,captura
17,99,77,98,69,100,9.3948,-1.482,-0.4525,captura
17,96,73,96,65,100,9.5409,-2.0039,-0.5794,captura
17,88,41,84,50,100,9.6319,-2.1045,-0.4166,captura
17,49,6,47,4,74,10.0293,-3.0718,-0.8691,captura
17,25,7,37,0,52,9.9527,-2.0087,-0.6488,captura
17,10,6,31,0,40,9.675,-2.0039,-0.8811,captura
17,6,2,28,0,38,9.8474,-2.5091,-1.0678,captura
17,32,3,59,15,98,9.6151,-2.7916,-1.3791,captura
17,98,58,96,63,100,10.6662,-2.5139,0.3136,captura
17,98,77,97,64,100,9.4355,-2.0135,-0.9242,captura
17,95,74,95,61,100,9.4547,-2.794,-0.4884,captura
18,22,14,23,0,50,9.9048,-2.0255,-1.0726,captura
18,22,14,24,0,50,9.8593,-1.822,-0.8882,captura
18,22,15,24,0,49,10.07,-1.5012,-0.7853,captura
18,18,18,25,0,51,9.9575,-1.9034,-1.0199,captura
18,32,22,46,0,84,9.8282,-2.1524,-1.4365,captura
18,84,37,93,45,100,9.7229,-1.1875,-1.2689,captura
18,100,68,99,68,100,9.4355,-1.1133,-1.1636,captura
18,99,70,98,66,100,9.5912,-1.5778,-0.7494,captura
18,96,62,95,60,100,10.4076,-2.2218,-0.2083,captura
18,61,27,49,0,64,9.4882,-2.1691,-1.1803,captura
18,4,1,0,0,5,10.07,-1.6592,-0.5339,captura
18,0,6,0,0,1,9.8785,-2.1261,-0.9457,captura
18,52,25,63,15,100,9.5529,-1.336,-1.415,captura
18,100,64,98,65,100,11.5281,-1.1732,2.0423,captura
18,100,74,98,68,100,9.2775,-2.1715,-1.1301,captura
18,96,71,96,63,100,9.8474,-2.8802,-0.5195,captura
18,76,45,69,29,100,9.5816,-1.1229,-1.1109,captura
18,19,19,7,0,26,9.7947,-2.0087,-1.0295,captura
18,1,9,0,0,14,9.9479,-2.3224,-0.8787,captura
18,0,8,4,0,16,9.845,-1.9656,-0.6512,captura
19,14,12,24,0,46,9.9886,-1.9393,-1.3719,captura
19,15,16,24,0,46,9.9766,-2.0016,-1.3599,captura
19,15,19,25,0,49,9.8809,-2.1428,-1.0343,captura
19,58,23,62,20,100,9.6678,-2.0063,-1.798,captura
19,100,65,99,68,100,12.6198,-1.6759,3.1795,captura
19,100,71,97,67,100,9.5577,-1.5897,-0.0622,captura
19,96,60,93,59,100,9.2201,-2.4972,-1.3168,captura
19,51,15,33,0,64,9.7157,-2.3559,-1.0223,captura
19,0,7,0,0,7,10.0078,-2.569,-0.6943,captura
19,0,6,0,0,7,9.6462,-2.2913,-0.9936,captura
19,61,14,62,22,100,9.8665,-2.0566,-0.7973,captura
19,100,56,97,65,100,10.9367,-3.2346,0.656,captura
19,98,71,97,66,100,9.3398,-1.6305,-0.7685,captura
19,94,67,95,62,100,9.8474,-2.9975,-0.3663,captura
19,78,30,76,33,100,9.6223,-1.2498,-0.2538,captura
19,16,0,8,0,25,9.8378,-3.3519,-0.9313,captura
19,0,1,0,0,13,9.9359,-2.4852,-0.4334,captura
19,0,0,0,0,13,9.9096,-2.3343,-0.4381,captura
19,0,0,5,0,16,9.7588,-2.5762,-0.6249,captura
19,1,3,10,0,22,9.6582,-2.3583,-0.6991,captura
20,14,7,21,0,45,9.6127,-2.5881,-0.8715,captura
20,15,11,21,0,53,9.7324,-2.3487,-0.4717,captura
20,17,11,23,0,63,9.7683,-2.2386,-0.3974,captura
20,46,16,52,11,100,9.7252,-2.3966,-0.9242,captura
20,100,52,98,66,100,9.8282,-2.8922,0.012,captura
20,100,75,98,70,100,9.335,-4.3215,-0.5507,captura
20,97,76,97,66,100,9.177,-2.4972,-0.7398,captura
20,95,69,94,60,100,10.0269,-2.2697,-0.1891,captura
20,58,12,56,16,91,9.8857,-2.5786,-1.0965,captura
20,13,0,0,0,18,9.8114,-1.8411,-0.5363,captura
20,0,0,0,0,8,9.9407,-2.399,-0.3136,captura
20,8,0,43,7,100,9.7995,-2.0183,-1.0343,captura
20,95,51,98,65,100,10.0556,-0.8906,0.2825,captura
20,95,70,98,68,100,9.4212,-1.8076,-0.5962,captura
20,93,71,97,66,100,9.347,-2.4804,-0.6273,captura
20,87,65,93,60,100,9.4595,-2.9185,-0.8667,captura
20,35,30,70,22,100,9.8138,-1.2737,-0.0359,captura
20,6,0,7,0,23,9.7683,-2.9497,-0.9074,captura
20,0,0,0,0,12,9.9503,-2.7294,-0.8332,captura
20,0,0,0,0,14,9.8019,-2.387,-0.6895,captura
21,14,7,19,0,49,9.7468,-1.9106,-1.1133,captura
21,15,14,26,0,58,9.7947,-2.0159,-0.9266,captura
21,19,12,31,0,64,9.8881,-1.9609,-0.826,captura
21,27,14,39,0,78,9.754,-2.4588,-0.8667,captura
21,80,27,80,35,100,10.082,-2.071,-0.5531,captura
21,100,48,97,60,100,9.8665,-2.2146,-1.2498,captura
21,100,71,97,66,100,9.991,-3.0646,-0.4836,captura
21,98,71,96,63,100,9.3254,-1.7023,-0.6201,captura
21,92,56,88,49,100,9.8665,-1.9249,-0.4142,captura
21,48,23,47,0,66,9.5553,-2.8347,-1.3551,captura
21,15,13,16,0,29,9.9551,-1.8699,-0.4166,captura
21,12,11,14,0,27,9.7659,-2.6264,-0.8571,captura
21,55,17,67,18,100,9.3158,-2.332,-1.391,captura
21,100,68,97,62,100,9.6654,-2.0303,-1.0822,captura
21,98,74,97,63,100,9.4164,-1.4676,-0.6249,captura
21,95,71,95,59,100,9.8019,-2.9497,-0.6033,captura
21,74,36,81,31,100,9.7181,-2.3559,-0.5578,captura
21,27,6,23,0,27,9.9192,-2.9257,-0.9936,captura
21,8,4,12,0,15,9.9264,-2.0087,-0.4573,captura
21,5,4,11,0,16,9.7157,-2.3559,-0.5698,captura
22,20,13,29,0,61,9.6965,-2.6073,-1.2857,captura
22,20,18,29,0,60,9.5433,-2.6671,-0.9984,captura
22,20,19,30,0,62,9.7755,-2.4588,-0.9577,captura
22,41,21,51,3,91,9.6845,-3.0813,-0.9553,captura
22,100,58,98,66,100,12.2248,-2.2984,3.4955,captura
22,100,73,98,67,100,9.6151,-3.6583,0.2155,captura
22,97,67,95,62,100,9.3518,-2.7653,-1.6735,captura
22,74,24,64,31,100,9.6271,-1.6903,-0.984,captura
22,100,18,88,58,100,8.7436,-2.4373,-2.885,captura
22,98,68,96,64,100,9.8952,-4.8722,-0.7925,captura
22,94,52,92,55,100,9.5553,-2.2314,-0.1006,captura
22,32,0,28,0,57,9.7324,-2.332,-0.6943,captura
22,0,0,0,0,5,9.8617,-1.7454,-0.4501,captura
22,0,0,0,0,4,9.7636,-2.6264,-0.498,captura
22,0,0,0,0,5,9.7755,-2.5019,-0.6919,captura
22,0,0,0,0,9,9.7372,-2.1955,-0.5626,captura
22,1,0,1,0,16,9.7636,-2.2649,-0.4884,captura
22,5,0,8,0,24,9.7923,-2.1141,-0.5483,captura
22,8,0,12,0,30,9.8713,-2.2889,-0.7039,captura
22,9,0,13,0,32,9.7636,-2.1644,-0.8619,captura
23,16,7,17,0,48,9.6199,-2.1452,-1.2617,captura
23,15,7,17,0,44,9.8521,-2.3655,-1.0511,captura
23,15,8,17,0,45,10.0078,-2.4756,-0.6776,captura
23,15,8,17,0,45,9.9431,-2.3583,-0.4717,captura
23,15,8,17,0,45,9.8426,-2.4349,-0.5052,captura
23,15,10,17,0,45,9.7755,-2.4972,-0.6656,captura
23,15,11,18,0,45,9.7731,-2.4541,-0.5363,captura
23,24,18,34,0,75,9.6295,-2.8276,-0.6345,captura
23,90,33,84,49,100,9.3015,-2.1452,-1.1349,captura
23,100,72,99,69,100,8.6407,-3.0382,-0.5483,captura
23,99,74,98,67,100,9.0381,-1.573,-0.2251,captura
23,98,71,95,62,100,10.4746,-2.4397,0.2251,captura
23,57,9,36,0,68,9.8641,-1.8723,-0.5483,captura
23,8,0,0,0,11,9.9551,-2.6193,-0.2634,captura
23,46,0,44,16,100,9.2871,-3.6105,-1.8531,captura
23,100,55,97,67,100,9.268,-0.4788,-1.0247,captura
23,98,71,98,69,100,9.0668,-3.0335,-0.8068,captura
23,95,66,95,63,100,10.2615,-3.565,0.4525,captura
23,58,29,35,0,81,9.6295,-0.6297,-0.7159,captura
23,0,0,0,0,1,9.8378,-2.0063,-0.5794,captura
24,14,6,15,0,39,9.6438,-2.6336,-0.8787,captura
24,15,7,16,0,40,9.8234,-2.5331,-0.8164,captura
24,15,9,17,0,41,9.8569,-2.5235,-0.723,captura
24,15,11,17,0,41,9.7923,-2.5115,-0.8643,captura
24,16,12,18,0,43,9.675,-2.6145,-0.8571,captura
24,22,16,32,0,69,9.5098,-2.4517,-1.0942,captura
24,93,41,87,52,100,9.6678,-2.3727,-1.0558,captura
24,100,72,100,69,100,9.8474,-4.8435,-0.9912,captura
24,98,71,98,66,100,8.8418,-1.8842,-0.747,captura
24,96,68,94,61,100,10.7141,-2.4253,-0.0048,captura
24,65,24,46,27,95,9.9551,-2.818,-1.1325,captura
24,27,0,0,0,38,9.7995,-2.3152,-0.4334,captura
24,72,8,56,44,100,8.904,-2.6312,-1.9561,captura
24,98,68,96,69,100,9.0764,-2.5905,-0.8619,captura
24,95,74,96,67,100,8.9567,-1.6999,-0.3136,captura
24,92,70,94,61,100,9.7971,-2.4924,-0.7135,captura
24,68,40,86,41,100,9.9982,-2.49,-0.2969,captura
24,32,12,32,0,56,9.5768,-2.6073,-0.7159,captura
24,13,6,6,0,23,9.7636,-2.7605,-0.2083,captura
24,6,4,0,0,16,9.6702,-2.5714,-0.3543,captura
25,21,10,23,0,46,10.1035,-2.1021,-0.1508,captura
25,20,15,23,0,46,10.2304,-2.3391,0.1101,captura
25,20,16,23,0,46,9.8162,-2.308,-0.2873,captura
25,62,25,70,26,100,9.0214,-2.3032,-1.2833,captura
25,100,68,98,70,100,7.4939,0.3711,-2.6001,captura
25,99,75,97,68,100,8.995,-0.8763,-0.4022,captura
25,95,71,95,63,100,9.8904,-1.9297,-1.4916,captura
25,76,39,84,37,100,10.5919,-2.5666,-0.1604,captura
25,41,1,25,0,54,9.8617,-4.2162,-0.3759,captura
25,37,0,13,0,52,9.5529,-2.8228,-0.2634,captura
25,100,41,92,63,100,11.485,-2.1931,1.2282,captura
25,98,75,96,66,100,8.9376,-1.968,-1.2043,captura
25,95,73,96,63,100,8.77,-3.0263,-0.6129,captura
25,87,52,87,49,100,10.4291,-1.1971,-0.1437,captura
25,24,4,27,0,47,10.0987,-3.7613,-1.4868,captura
25,4,0,9,0,18,9.8713,-1.9465,-0.4405,captura
25,0,0,8,0,17,9.7468,-2.9066,-0.6177,captura
25,0,0,9,0,18,9.8785,-2.6647,-0.5267,captura
25,0,0,13,0,20,9.7037,-2.6576,-0.5507,captura
25,0,0,18,0,26,9.7133,-2.411,-0.5842,captura
26,14,12,25,0,46,10.2232,-1.9106,-0.8499,captura
26,14,12,25,0,46,9.9431,-2.7031,-0.5938,captura
26,14,12,25,0,46,9.5193,-2.3343,-0.7566,captura
26,41,18,49,1,84,9.0549,-2.8994,-2.4565,captura
26,100,66,99,69,100,12.9885,-0.4525,3.6847,captura
26,100,77,97,68,100,9.5888,-1.8292,0.2921,captura
26,98,72,95,63,100,9.1698,-3.5458,-0.2849,captura
26,79,7,64,42,100,9.7516,-3.4022,-0.9505,captura
26,55,0,20,0,67,10.3094,-2.4397,-0.2777,captura
26,70,0,56,30,100,9.3111,-2.5953,-1.1827,captura
26,98,49,96,65,100,10.9654,-3.4548,1.0726,captura
26,95,67,96,65,100,9.4834,-3.1843,-0.1125,captura
26,92,54,92,59,100,9.2273,-3.383,-0.0479,captura
26,57,0,36,2,73,10.0413,-1.9369,-0.3711,captura
26,6,0,0,0,12,9.912,-2.1189,-0.2251,captura
26,1,0,0,0,9,9.7157,-2.8443,-0.2442,captura
26,2,0,0,0,12,9.7947,-2.7916,-0.2035,captura
26,3,0,4,0,15,9.6774,-2.7749,-0.4262,captura
26,5,0,9,0,20,9.6319,-2.6552,-0.6225,captura
26,7,0,12,0,23,10.0006,-2.2338,-0.577,captura
27,18,7,21,0,48,9.8402,-2.0734,-1.0223,captura
27,18,7,21,0,46,9.8976,-2.2146,-0.8954,captura
27,18,8,21,0,46,9.7516,-2.4684,-0.5602,captura
27,38,16,46,0,88,9.7995,-2.8371,-1.4868,captura
27,100,63,99,68,100,12.3062,-2.1691,4.5897,captura
27,100,74,97,68,100,9.0525,-1.4317,-0.1748,captura
27,97,72,95,63,100,8.9495,-2.6408,-1.1253,captura
27,76,34,71,39,100,9.7468,-2.2529,-0.3687,captura
27,21,10,0,0,36,10.0916,-2.7677,-0.0287,captura
27,44,8,27,15,97,9.0214,-3.0287,-2.5714,captura
27,100,64,96,65,100,9.5984,-0.8571,0.1891,captura
27,97,71,97,64,100,9.1482,-1.1061,-0.6369,captura
27,93,70,93,60,100,9.7133,-2.8156,0.1413,captura
27,60,15,41,15,87,9.8234,-2.4804,-0.9577,captura
27,12,0,3,0,22,9.6606,-2.059,-0.1963,captura
27,4,0,1,0,15,9.6343,-3.1244,-0.328,captura
27,5,1,7,0,18,9.924,-2.9784,-0.3879,captura
27,6,2,10,0,21,9.742,-2.7054,-0.3687,captura
27,7,4,12,0,23,9.7324,-2.7054,-0.3783,captura
27,8,5,15,0,24,9.6845,-2.8778,-0.3831,captura
28,17,7,22,0,44,9.7324,-1.8028,-1.2043,captura
28,17,11,22,0,42,10.0533,-1.9704,-0.9936,captura
28,18,12,22,0,44,10.0006,-2.162,-0.8188,captura
28,17,15,22,0,44,10.0676,-2.0207,-0.5794,captura
28,60,23,64,22,100,9.4188,-2.2553,-2.296,captura
28,100,71,99,69,100,8.7915,-1.9848,-1.8292,captura
28,99,73,97,67,100,8.8538,-1.5299,-0.6345,captura
28,97,66,93,60,100,10.4483,-2.3248,0.2538,captura
28,58,2,0,0,65,9.6271,-2.9209,-1.1444,captura
28,30,0,0,0,63,10.1634,-3.5554,0.0479,captura
28,100,44,91,65,100,10.8362,-2.5355,1.6616,captura
28,98,78,98,67,100,9.7636,-5.0877,-1.4485,captura
28,95,73,95,62,100,9.5505,-2.4062,-0.5435,captura
28,50,19,23,0,64,9.8426,-1.992,-1.0463,captura
28,2,0,0,0,5,9.9288,-1.1229,-0.3783,captura
28,1,0,0,0,4,9.6534,-2.5355,-0.3687,captura
28,1,0,0,0,6,9.6343,-2.6336,-0.656,captura
28,1,0,0,0,10,9.7564,-2.2601,-0.7949,captura
28,1,0,0,0,14,9.7061,-2.49,-0.656,captura
28,2,0,1,0,14,9.6702,-2.6576,-0.6823,captura
29,13,4,15,0,38,9.8689,-1.6281,-1.4389,captura
29,14,5,16,0,39,9.979,-1.9225,-1.2115,captura
29,14,3,16,0,40,9.845,-1.822,-1.0511,captura
29,15,6,16,0,37,9.9575,-1.9704,-1.008,captura
29,24,15,34,0,76,9.7947,-2.1835,-1.336,captura
29,100,46,97,62,100,10.1275,-1.1923,-0.079,captura
29,100,73,99,70,100,9.7827,-3.5865,-0.9697,captura
29,98,72,97,67,100,9.3326,-2.2075,-1.1181,captura
29,88,52,84,53,100,9.5313,-1.968,-0.0168,captura
29,34,7,4,0,52,9.7779,-3.2753,-1.6855,captura
29,22,4,7,0,63,9.7564,-2.3367,-1.1708,captura
29,100,47,92,67,100,11.0277,-1.0104,0.7685,captura
29,98,70,100,69,100,9.8114,-2.4924,-1.4269,captura
29,96,67,99,66,100,9.1698,-2.1356,-2.0087,captura
29,76,38,70,41,100,10.0461,-1.5131,-1.1564,captura
29,13,3,1,0,26,9.8043,-2.6887,-1.0558,captura
29,0,0,0,0,7,9.8521,-2.2889,-1.0008,captura
29,0,0,0,0,9,10.0365,-2.0446,-0.7518,captura
29,0,0,0,0,11,9.9216,-2.0135,-0.9026,captura
29,0,0,7,0,17,9.6941,-2.162,-0.8499,captura
30,13,10,22,0,47,9.7612,-2.5977,-0.7877,captura
30,16,11,22,0,47,9.505,-2.5402,-0.5339,captura
30,15,11,22,0,47,9.6893,-2.7342,-0.3879,captura
30,16,14,23,0,55,9.8402,-2.8874,-0.3208,captura
30,72,23,70,31,100,9.2464,-2.8467,-1.5538,captura
30,100,75,99,71,100,7.9368,-4.5035,0.759,captura
30,98,76,97,67,100,8.849,-2.8204,-0.2729,captura
30,97,71,93,61,100,9.845,-2.3966,0.2394,captura
30,70,12,41,24,98,10.4339,-3.541,-0.8284,captura
30,49,2,20,5,87,9.9551,-2.8683,-0.0934,captura
30,100,58,97,66,100,12.6127,-0.0766,3.7661,captura
30,96,68,97,66,100,9.912,-1.6664,-0.316,captura
30,94,52,94,61,100,8.9878,-3.5434,-0.9457,captura
30,51,0,40,1,78,10.1801,-0.6129,-0.0431,captura
30,0,0,0,0,4,9.9192,-2.4517,-0.5435,captura
30,0,0,0,0,5,9.7827,-2.6384,-0.2083,captura
30,0,0,4,0,17,9.5026,-3.3184,-0.3328,captura
30,5,0,11,0,28,9.8737,-2.9688,-0.4046,captura
30,8,4,15,0,34,9.7229,-2.7988,-0.5986,captura
30,10,5,17,0,35,9.6223,-2.715,-0.4046,captura
31,14,5,20,0,45,10.3501,-1.652,-1.5443,captura
31,14,4,20,0,45,10.0604,-1.1492,-1.1588,captura
31,14,9,20,0,45,10.2448,-2.0423,-0.8068,captura
31,15,19,23,0,46,10.0892,-2.964,-0.8068,captura
31,50,27,55,13,100,9.8785,-2.1548,-1.2594,captura
31,100,44,99,69,100,10.8649,-2.6336,0.5004,captura
31,100,70,100,70,100,8.9735,-2.0566,-1.2115,captura
31,98,70,98,66,100,9.4858,-2.1763,-0.6488,captura
31,90,53,85,52,100,10.1825,-1.336,0.5004,captura
31,38,12,3,0,46,10.5034,-3.3734,0.1125,captura
31,42,13,30,10,96,9.505,-2.3343,-1.822,captura
31,100,64,97,65,100,9.7324,-4.7716,-2.1907,captura
31,97,68,96,65,100,8.4922,0.1389,-0.7709,captura
31,93,64,93,60,100,10.4651,-2.2027,-0.3448,captura
31,61,25,45,6,78,9.8785,-1.9321,-0.5986,captura
31,14,1,9,0,24,9.7971,-2.059,0.0192,captura
31,6,4,18,0,28,9.6271,-3.371,-0.7661,captura
31,9,5,22,0,32,9.7444,-2.5666,-0.2442,captura
31,12,5,23,0,36,9.8378,-2.5618,-0.3017,captura
31,16,5,25,0,42,9.6893,-2.8706,-0.5722,captura
32,23,11,24,0,50,9.8593,-2.0016,-0.9385,captura
32,23,11,27,0,50,9.8881,-2.2625,-0.9361,captura
32,23,14,27,0,50,10.0844,-2.3343,-0.6632,captura
32,23,19,29,0,56,9.8689,-2.818,-0.3759,captura
32,61,26,63,19,100,9.5193,-2.4588,-0.9768,captura
32,100,66,99,69,100,13.2495,-2.6049,1.913,captura
32,99,72,97,68,100,8.9208,-2.1715,0.4166,captura
32,96,65,94,61,100,9.7037,-3.2417,-0.2562,captura
32,75,27,43,28,100,9.991,-2.7869,-0.6991,captura
32,56,18,22,5,84,9.7252,-3.0358,-0.0718,captura
32,100,58,97,66,100,15.1098,-5.6623,5.5761,captura
32,97,66,96,66,100,9.5672,-2.4349,0.6393,captura
32,94,60,93,60,100,9.5193,-4.3431,-0.4645,captura
32,53,1,36,0,64,9.8282,-1.5634,-0.3112,captura
32,1,0,0,0,8,10.1801,-1.6017,-0.2969,captura
32,3,0,0,0,12,9.5098,-2.7677,-0.3136,captura
32,10,0,10,0,28,9.663,-2.2458,-0.1053,captura
32,13,0,13,0,33,9.8952,-2.9042,-0.3352,captura
32,16,0,16,0,37,9.572,-2.8635,-0.4549,captura
32,18,0,20,0,41,9.5481,-2.7533,-0.4549,captura
33,21,17,25,0,47,9.7683,-2.3152,-0.7278,captura
33,21,14,26,0,47,9.5936,-2.3966,-0.6464,captura
33,21,15,26,0,47,9.6893,-2.6743,-0.4238,captura
33,30,24,38,0,72,9.4164,-3.5099,-0.6393,captura
33,100,49,97,61,100,9.833,-0.7302,0.1844,captura
33,100,72,98,69,100,9.8833,-3.7326,-0.4597,captura
33,98,70,96,65,100,9.0716,-3.6057,-0.4262,captura
33,85,48,72,47,100,9.1746,-1.5945,-0.7494,captura
33,58,33,36,15,95,9.9168,-3.304,-0.0982,captura
33,100,52,92,62,100,10.8505,-5.0278,1.3767,captura
33,97,71,98,66,100,9.4355,-6.122,-0.3304,captura
33,94,70,96,62,100,8.9447,-3.5051,-0.4477,captura
33,70,47,58,26,100,8.5066,-1.5514,-1.3408,captura
33,6,2,0,0,18,10.2328,-2.7318,-0.5124,captura
33,0,1,0,0,10,9.6798,-2.9377,-0.2155,captura
33,0,0,4,0,13,9.5648,-2.885,-0.2682,captura
33,0,1,13,0,19,9.7707,-2.8012,-0.0766,captura
33,0,4,17,0,23,9.7181,-2.9521,-0.2203,captura
33,1,7,20,0,26,9.663,-2.909,-0.3232,captura
33,2,7,20,0,28,9.675,-2.7605,-0.3711,captura
34,17,12,24,0,47,9.584,-2.6815,-0.6393,captura
34,17,14,24,0,52,9.663,-2.3822,-0.4693,captura
34,18,15,24,0,48,9.5122,-2.7078,-0.3639,captura
34,25,21,28,0,73,9.7683,-2.8323,-0.1915,captura
34,99,42,84,58,100,8.9543,-1.8148,-1.2761,captura
34,100,71,100,70,100,9.0166,-4.877,-1.0582,captura
34,98,72,99,69,100,8.9807,-2.2936,-0.5148,captura
34,96,73,96,65,100,9.0046,-2.6312,-0.8978,captura
34,91,37,79,50,100,10.2256,-0.656,0.565,captura
34,36,1,23,0,69,9.7157,-4.0797,-0.7853,captura
34,90,22,77,54,100,8.679,-2.6624,-1.7573,captura
34,97,71,98,67,100,10.1706,-7.8386,-0.7901,captura
34,94,69,96,64,100,8.7795,-3.3255,-0.261,captura
34,88,52,87,50,100,9.8545,-1.6424,0.0766,captura
34,22,1,16,0,30,9.8833,-4.0606,-1.1325,captura
34,1,0,4,0,10,9.8521,-1.7693,0.0982,captura
34,1,1,6,0,13,9.5457,-2.9688,-0.1844,captura
34,3,3,14,0,23,9.6678,-2.8084,-0.261,captura
34,7,4,16,0,26,9.6534,-2.4038,-0.2059,captura
34,8,4,17,0,27,9.742,-3.1556,-0.5076,captura
35,20,13,25,0,60,9.7157,-2.3631,-1.0151,captura
35,20,16,26,0,61,9.8402,-2.4469,-0.838,captura
35,21,16,27,0,60,9.8521,-2.1668,-0.4836,captura
35,20,17,27,0,60,9.9096,-2.399,-0.0455,captura
35,44,23,44,5,90,9.5888,-3.2657,-0.68,captura
35,100,46,94,68,100,9.5265,-0.8188,-0.1389,captura
35,100,73,99,70,100,9.019,-3.304,-0.0527,captura
35,97,71,96,66,100,8.6287,-2.6049,0.0575,captura
35,95,53,84,57,100,9.9072,-1.2163,0.4381,captura
35,70,26,46,27,100,9.8689,-3.2154,0.012,captura
35,100,51,96,63,100,10.4866,-2.5235,1.0606,captura
35,96,70,98,66,100,9.1195,-2.0973,-0.3543,captura
35,93,68,95,61,100,10.4818,-2.6432,0.4166,captura
35,62,21,73,12,100,9.8234,-1.7071,-0.6297,captura
35,8,0,3,0,20,9.5672,-2.4157,-0.8978,captura
35,0,0,0,0,9,9.8689,-2.4876,-0.4717,captura
35,1,0,0,0,11,9.7851,-2.5738,-0.3376,captura
35,3,0,6,0,18,9.7731,-2.6432,-0.5267,captura
35,7,0,12,0,23,9.8019,-2.8539,-0.4669,captura
35,8,0,13,0,25,9.6582,-2.6983,-0.431,captura
36,21,12,25,0,48,9.7899,-2.1572,-0.5818,captura
36,21,13,26,0,48,9.7468,-2.399,-0.3424,captura
36,21,13,26,0,48,9.6606,-2.5331,-0.5722,captura
36,21,14,27,0,48,9.7013,-2.5714,-0.3041,captura
36,22,19,28,0,58,9.6726,-2.7342,-0.3424,captura
36,37,23,44,0,89,9.5577,-3.5267,-0.8811,captura
36,99,40,85,59,100,9.1602,-1.8842,-0.8667,captura
36,100,67,99,69,100,9.7133,-5.3223,-0.4884,captura
36,98,68,97,66,100,9.1363,-3.237,0.4118,captura
36,96,54,87,57,100,10.0317,-1.2833,-0.2179,captura
36,64,20,28,19,92,9.6654,-3.2968,-1.0965,captura
36,91,24,75,49,100,9.0597,-1.8172,-1.166,captura
36,97,70,97,64,100,9.3877,-5.2672,-0.747,captura
36,94,70,97,63,100,8.8897,-3.8044,-0.2442,captura
36,92,64,92,57,100,10.4004,-4.063,0.2753,captura
36,28,2,9,0,26,9.8617,-3.5698,-1.7166,captura
36,0,0,0,0,6,10.0365,-1.4772,-0.6823,captura
36,0,4,7,0,14,9.505,-2.8922,-0.5315,captura
36,0,5,17,0,22,9.9216,-3.0215,-0.2658,captura
36,8,7,21,0,32,9.8809,-2.6193,-0.34,captura
37,21,12,25,0,47,9.8426,-2.909,-0.8547,captura
37,21,14,26,0,47,9.9335,-2.4828,-0.5195,captura
37,21,14,26,0,47,9.5313,-2.4708,-0.3496,captura
37,21,18,27,0,56,10.5441,-3.5362,-0.5291,captura
37,44,27,44,7,100,9.2751,-2.9808,0.0383,captura
37,100,55,97,70,100,9.3206,-4.9847,2.3391,captura
37,100,72,97,70,100,7.8697,-5.2146,-0.146,captura
37,97,68,94,64,100,9.56,-4.1539,0.3759,captura
37,83,37,58,46,100,10.0892,-4.0869,-1.3647,captura
37,88,33,75,48,100,8.8825,-1.1349,-1.5826,captura
37,97,71,97,64,100,8.9399,-4.4724,-0.589,captura
37,94,70,96,63,100,9.074,-4.1539,1.3336,captura
37,92,42,83,53,100,9.5313,-1.4964,0.5794,captura
37,0,0,0,0,5,11.2504,-4.9033,-1.1109,captura
37,0,0,0,0,1,10.1969,-0.9888,0.5267,captura
37,0,0,3,0,14,9.1985,-3.8547,-0.7278,captura
37,2,3,13,0,25,9.6295,-2.8419,-0.0814,captura
37,7,6,16,0,30,9.8928,-2.7677,-0.3519,captura
37,8,8,18,0,32,9.7707,-2.9281,-0.486,captura
37,10,8,19,0,34,9.5098,-2.8108,-0.4932,captura
38,18,12,22,0,47,9.6031,-2.7414,-0.8978,captura
38,19,14,22,0,48,9.7372,-2.5762,-0.7207,captura
38,23,16,25,0,59,9.8904,-2.4541,-0.5674,captura
38,68,24,54,22,95,9.6223,-3.0837,-1.1325,captura
38,100,33,86,60,100,9.2536,-1.98,-1.1229,captura
38,100,67,98,67,100,8.7197,-2.4804,-0.1987,captura
38,98,74,97,67,100,9.4667,-2.7102,-0.1772,captura
38,95,71,95,63,100,8.6622,-3.7014,-1.0606,captura
38,82,33,76,41,100,9.8066,-1.3767,-0.1532,captura
38,15,0,10,0,30,10.0389,-2.7342,-0.9888,captura
38,0,0,0,0,10,9.7971,-2.2242,-0.2849,captura
38,0,0,0,0,13,9.6343,-2.3966,-0.0646,captura
38,6,0,36,0,78,9.5768,-3.5027,-0.8356,captura
38,71,18,79,38,100,9.1578,-2.7342,-0.9888,captura
38,100,64,96,64,100,9.9216,-2.1141,0.419,captura
38,98,73,96,65,100,9.4188,-2.7414,-0.1173,captura
38,95,69,93,62,100,9.3494,-3.383,-0.0599,captura
38,80,32,79,45,100,9.3972,-1.9513,-0.5435,captura
38,26,0,13,0,37,9.8521,-3.067,-1.1037,captura
38,0,0,0,0,10,9.8258,-2.0973,-0.2083,captura
39,16,14,25,0,50,9.3877,-2.7198,-0.7039,captura
39,17,14,24,0,50,9.4523,-2.3774,-0.5267,captura
39,16,15,24,0,50,9.6989,-2.6432,-0.2346,captura
39,37,20,30,0,77,9.6175,-3.1412,-0.261,captura
39,95,34,80,56,100,9.2799,-2.4972,-1.2809,captura
39,100,70,98,71,100,8.5138,-2.9568,0.4621,captura
39,96,75,97,70,100,9.2081,-2.8946,-0.656,captura
39,93,73,95,65,100,8.6095,-2.6815,-1.4653,captura
39,88,39,81,52,100,10.1323,-1.7813,-0.4597,captura
39,50,0,17,0,62,9.5768,-3.2825,-0.7063,captura
39,14,0,2,0,28,9.5505,-2.7677,-0.6752,captura
39,26,0,29,0,76,9.9982,-2.4612,-0.3017,captura
39,62,18,68,21,100,9.6726,-2.9161,-0.9026,captura
39,98,51,94,56,100,9.8737,-1.9225,0.0694,captura
39,98,67,95,63,100,9.7564,-4.525,0.0168,captura
39,97,67,94,63,100,9.5098,-3.395,-0.1245,captura
39,94,56,91,58,100,10.5058,-3.8427,0.972,captura
39,54,0,37,0,75,9.663,-2.4565,-0.6369,captura
39,2,0,0,0,14,10.0389,-1.8172,-0.5243,captura
39,0,0,0,0,6,9.7612,-2.9592,-0.589,captura
40,14,16,26,0,52,9.5648,-2.7126,-0.5602,captura
40,21,19,37,0,68,9.8258,-2.6504,-0.4741,captura
40,23,19,41,0,72,9.7181,-2.6552,-0.3974,captura
40,23,19,39,0,70,9.6582,-2.6384,-0.4429,captura
40,31,21,46,0,81,9.7731,-2.9305,-0.4429,captura
40,70,23,73,33,100,9.6319,-2.7007,-0.1748,captura
40,99,33,94,64,100,10.7763,-3.8642,1.8172,captura
40,98,62,95,66,100,9.5696,-1.6352,-0.0766,captura
40,94,57,92,62,100,9.3206,-2.5642,0.0838,captura
40,83,22,79,47,100,9.0501,-2.648,-0.4142,captura
40,37,0,20,0,38,9.9407,-3.0885,-0.8978,captura
40,3,0,0,0,11,9.7324,-2.1596,-0.2394,captura
40,0,0,6,0,30,9.7085,-2.7869,-0.2753,captura
40,52,16,77,34,100,9.6726,-4.4796,-0.9697,captura
40,98,64,96,66,100,9.596,-1.98,0.1676,captura
40,93,78,97,66,100,9.5193,-2.0973,0.0694,captura
40,91,78,97,64,100,9.0477,-2.5905,-0.2658,captura
40,89,64,92,59,100,10.5417,-3.1747,0.7422,captura
40,63,12,61,24,95,9.7899,-2.4876,-0.7685,captura
40,21,0,12,0,24,9.8138,-2.2434,-0.5195,captura
41,14,18,18,0,45,9.7444,-2.5594,-0.6632,captura
41,14,18,18,0,44,9.7181,-2.4517,-0.7302,captura
41,15,18,18,0,45,9.6917,-2.3391,-0.9194,captura
41,15,20,19,0,46,9.7636,-2.2793,-0.7661,captura
41,13,21,20,0,53,9.9216,-2.5259,-0.1628,captura
41,25,24,28,0,74,9.675,-3.5386,-0.4357,captura
41,94,36,87,58,100,9.6774,-1.0726,-1.0104,captura
41,99,78,100,70,100,9.9335,-5.7844,-1.0032,captura
41,96,78,97,66,100,8.9016,-2.7174,-0.3663,captura
41,95,62,90,59,100,10.5656,-2.3104,0.2442,captura
41,62,11,19,8,73,9.5696,-2.6073,-0.7039,captura
41,49,7,31,7,87,9.9862,-2.3391,0.0646,captura
41,100,77,98,62,100,11.959,-1.8268,0.996,captura
41,96,84,99,64,100,9.2871,-2.8826,0.249,captura
41,92,77,95,60,100,8.8945,-2.2458,-0.6512,captura
41,78,27,59,30,97,9.7947,-2.6336,-0.7254,captura
41,12,0,0,0,7,9.56,-2.2458,-0.7446,captura
41,0,0,0,0,1,9.7181,-3.3255,-0.4381,captura
41,0,0,0,0,5,9.9886,-2.6384,0.0599,captura
41,0,0,1,0,12,9.8402,-2.7007,-0.2442,captura
42,17,15,21,0,48,9.5792,-2.4565,-0.7638,captura
42,17,19,22,0,49,9.7205,-2.3008,-0.4956,captura
42,19,22,29,0,64,9.6558,-2.6528,-0.5794,captura
42,40,22,59,6,100,9.4523,-3.1125,-0.7518,captura
42,100,67,99,69,100,13.9103,-3.2681,5.7868,captura
42,96,74,98,68,100,9.5002,-2.988,0.1365,captura
42,91,72,96,63,100,8.3127,-3.1101,-1.4629,captura
42,85,40,80,48,100,9.6031,-1.5921,0.0072,captura
42,30,10,9,0,43,9.8043,-2.8252,-0.1341,captura
42,0,8,0,0,17,9.7037,-2.3559,-0.103,captura
42,80,31,81,50,100,8.8514,-1.561,-1.5347,captura
42,97,71,99,69,100,10.4267,-8.4898,-1.0511,captura
42,94,70,98,67,100,8.8083,-3.1699,-0.091,captura
42,90,66,94,60,100,9.821,-3.0143,0.7518,captura
42,55,19,32,2,84,10.4076,-3.0143,0.4573,captura
42,0,0,0,0,0,9.8928,-2.2314,-0.3663,captura
42,0,0,0,0,0,10.1107,-3.4979,-0.2945,captura
42,0,0,0,0,0,9.8497,-2.624,-0.2705,captura
42,0,0,0,0,1,9.8306,-2.7366,-0.4573,captura
42,0,0,0,0,8,9.8138,-2.7869,-0.4405,captura
43,18,13,20,0,48,9.5026,-2.6791,-0.723,captura
43,18,14,20,0,48,9.8019,-2.6049,-0.5842,captura
43,18,16,20,0,49,9.5289,-2.7461,-0.3208,captura
43,63,24,63,23,100,9.2033,-2.0949,-1.7406,captura
43,100,71,99,66,100,7.7213,1.8699,-1.9345,captura
43,98,76,97,65,100,9.2488,-2.0351,-0.1293,captura
43,96,74,95,61,100,8.5808,-2.9544,-1.2761,captura
43,78,23,65,42,100,9.3757,-1.8866,-1.5514,captura
43,42,0,5,0,45,10.1634,-2.0686,-0.3448,captura
43,30,0,30,1,84,9.3063,-2.9161,-1.6496,captura
43,100,68,99,65,100,13.6877,-0.0766,5.4253,captura
43,95,74,100,64,100,9.1028,-0.3735,-1.6831,captura
43,93,68,97,61,100,10.0892,-2.071,-0.4262,captura
43,65,33,73,29,100,10.0461,-1.3072,-1.1181,captura
43,21,3,24,0,37,10.0006,-1.889,-0.8643,captura
43,6,1,16,0,26,9.9288,-1.5203,-0.8835,captura
43,7,3,23,0,31,9.8306,-1.7454,-0.9385,captura
43,12,8,27,0,38,9.8569,-1.6424,-0.9625,captura
43,20,10,29,0,46,9.833,-1.6137,-1.008,captura
43,23,11,30,0,49,9.809,-1.7909,-1.0678,captura
44,27,15,31,0,52,9.8282,-1.8435,-1.1803,captura
44,27,16,31,0,52,9.6582,-1.7334,-1.233,captura
44,27,18,31,0,53,9.8713,-1.8699,-1.1205,captura
44,49,25,52,5,90,9.56,-2.3415,-1.9632,captura
44,100,70,98,68,100,11.7292,2.2865,1.4485,captura
44,99,71,97,66,100,9.5361,-1.403,-0.4597,captura
44,97,63,92,60,100,10.058,-2.1596,-0.656,captura
44,77,28,59,37,100,9.9479,-2.4062,-1.5107,captura
44,66,25,49,27,100,9.8713,-1.7286,-0.6105,captura
44,96,63,97,63,100,14.7794,-2.138,4.8315,captura
44,95,70,97,63,100,9.3326,-1.2019,-1.1756,captura
44,92,62,94,59,100,10.0772,-2.4277,-0.6632,captura
44,64,26,68,27,100,9.821,-1.7621,-1.2594,captura
44,0,3,16,0,36,9.6798,-2.3631,-1.3384,captura
44,0,0,11,0,20,10.0676,-2.0207,-0.9744,captura
44,0,1,14,0,20,9.8904,-1.8555,-1.0606,captura
44,0,3,21,0,25,9.8904,-1.9848,-1.1229,captura
44,0,11,25,0,38,9.8474,-2.2075,-1.3192,captura
44,10,14,28,0,47,9.7205,-1.8316,-1.4269,captura
44,14,15,29,0,50,9.924,-1.7861,-1.1181,captura
45,22,25,36,0,69,9.8497,-1.9034,-1.2761,captura
45,45,33,55,7,100,9.7133,-2.6528,-1.2713,captura
45,89,42,81,49,100,9.7013,-1.9752,-0.6488,captura
45,100,72,97,69,100,7.7045,-1.6831,-0.4381,captura
45,98,75,95,66,100,9.1698,-2.162,-0.3974,captura
45,95,71,92,61,100,10.8074,-2.387,0.6105,captura
45,80,41,53,39,100,10.0724,-3.4836,-1.2043,captura
45,81,25,63,41,100,8.9519,-2.1165,-2.7438,captura
45,98,71,96,65,100,8.2959,-5.7245,-0.6536,captura
45,95,70,95,63,100,8.9016,-1.8986,-0.5028,captura
45,95,59,87,55,100,10.1658,-1.9704,-0.5267,captura
45,27,0,19,0,49,9.5577,-1.6233,-1.5371,captura
45,0,0,0,0,7,9.8497,-1.7166,-0.9098,captura
45,0,0,0,0,9,9.7875,-2.3703,-0.6991,captura
45,0,0,2,0,10,9.7995,-2.5115,-0.8284,captura
45,0,2,10,0,14,9.6989,-2.794,-1.063,captura
45,0,3,13,0,18,9.6822,-2.4565,-0.8954,captura
45,0,4,15,0,20,9.6798,-2.1237,-0.9816,captura
45,0,6,17,0,22,9.7109,-2.624,-1.1372,captura
45,0,7,17,0,23,9.6702,-2.6408,-1.245,captura
46,18,15,20,0,40,9.5074,-2.1404,-1.2234,captura
46,18,15,23,0,45,9.6678,-2.0183,-1.0295,captura
46,18,15,23,0,46,9.9096,-2.1213,-0.8404,captura
46,18,14,23,0,46,10.0221,-2.0446,-0.7733,captura
46,18,14,23,0,46,9.7755,-2.1117,-0.8332,captura
46,26,19,36,0,68,9.3374,-2.4229,-1.5179,captura
46,100,67,99,67,100,11.4922,0.2729,2.6264,captura
46,100,73,98,67,100,9.5457,-1.8387,-0.4501,captura
46,98,68,95,62,100,10.082,-2.5809,-1.0127,captura
46,80,31,56,41,100,9.9383,-2.624,-1.415,captura
46,54,19,18,4,77,10.0102,-1.7502,-0.395,captura
46,31,23,52,10,99,9.2033,-2.9951,-1.913,captura
46,98,73,99,63,100,8.2911,-0.2945,-2.3798,captura
46,95,73,97,62,100,9.2201,-1.5083,-0.6704,captura
46,94,66,93,58,100,10.1299,-2.2122,-0.3783,captura
46,32,12,39,0,75,9.8785,-3.0239,-0.9888,captura
46,0,0,9,0,19,9.924,-2.0399,-0.4501,captura
46,0,0,4,0,12,9.675,-2.4205,-0.6776,captura
46,0,0,5,0,13,9.8593,-2.4493,-0.8859,captura
46,0,0,8,0,14,9.6415,-2.4157,-0.8715,captura
47,18,17,26,0,46,9.7947,-2.0806,-1.3408,captura
47,18,18,27,0,46,9.9527,-1.8603,-0.9816,captura
47,23,25,27,0,61,9.7659,-2.4756,-0.656,captura
47,91,37,78,47,100,8.576,-2.0877,-3.4213,captura
47,100,75,99,70,100,9.8904,-4.5394,-0.4405,captura
47,100,74,97,67,100,8.7604,-1.7382,-0.9505,captura
47,99,67,91,60,100,9.9766,-2.1045,-0.34,captura
47,72,29,44,29,100,9.2656,-3.474,-1.6712,captura
47,100,61,95,61,100,11.3102,-2.2482,0.8595,captura
47,97,79,99,63,100,9.5409,-2.545,-0.1604,captura
47,94,76,97,61,100,8.8585,-2.6312,-1.0439,captura
47,93,56,86,51,100,9.9623,-0.996,-0.8068,captura
47,0,0,8,0,25,9.6822,-3.632,-1.7358,captura
47,0,0,0,0,6,9.663,-1.2498,-0.6416,captura
47,0,0,2,0,10,9.7205,-2.9401,-0.9577,captura
47,0,0,7,0,14,9.8904,-2.3248,-0.6847,captura
47,0,0,14,0,20,9.9359,-1.9106,-0.8499,captura
47,1,3,18,0,25,9.7779,-1.9369,-1.0295,captura
47,2,4,19,0,26,9.8234,-2.1883,-1.0032,captura
47,3,4,20,0,27,9.5217,-2.5977,-1.0199,captura
48,15,10,25,0,46,9.6845,-1.9537,-1.3024,captura
48,18,12,25,0,46,9.8066,-2.2553,-1.0463,captura
48,18,14,25,0,46,9.9288,-2.5977,-0.6273,captura
48,67,26,61,24,100,8.9639,-2.1356,-2.5283,captura
48,100,69,99,67,100,11.655,-2.5019,1.2953,captura
48,100,73,97,66,100,9.1363,-1.9465,-0.6321,captura
48,98,74,94,61,100,9.3541,-2.4277,-0.3136,captura
48,76,37,50,35,100,9.8904,-3.9361,-1.6975,captura
48,67,29,53,29,100,9.9288,-2.3559,-1.2354,captura
48,98,66,96,62,100,11.5448,-3.4117,2.0327,captura
48,96,68,97,65,100,8.8107,-3.3327,-0.7829,captura
48,94,68,95,63,100,9.1482,-3.9073,-1.4054,captura
48,86,18,47,47,100,8.9495,-0.5195,-0.4621,captura
48,10,0,0,0,6,10.3334,-3.541,-1.6137,captura
48,0,0,0,0,7,9.8066,-2.0255,-0.0168,captura
48,0,0,0,0,14,9.6606,-3.1292,-0.5004,captura
48,0,0,4,0,20,9.9359,-2.4086,-0.7446,captura
48,3,0,9,0,25,9.8043,-2.399,-0.7733,captura
48,3,0,10,0,27,9.6055,-2.4541,-0.9673,captura
48,4,2,10,0,27,9.7133,-2.2721,-0.7949,captura
49,18,7,18,0,41,9.7659,-2.2458,-0.9553,captura
49,18,10,18,0,45,9.7636,-2.2625,-0.7709,captura
49,20,14,23,0,58,9.8043,-2.3008,-0.644,captura
49,89,25,79,42,100,8.9807,-3.4979,-1.7406,captura
49,100,75,100,68,100,8.6503,-3.7493,-1.2282,captura
49,98,74,97,65,100,9.2991,-2.8659,-0.735,captura
49,98,63,92,60,100,9.5553,-1.3072,-0.2634,captura
49,80,36,58,40,100,9.6702,-4.0749,-1.5467,captura
49,97,68,97,63,100,11.7196,-1.7071,0.7973,captura
49,95,71,98,64,100,8.4707,-1.2905,-0.9505,captura
49,93,69,95,60,100,9.8904,-3.1029,-0.1125,captura
49,78,32,62,22,100,9.6127,-1.0127,-0.5818,captura
49,0,1,7,0,23,9.7995,-2.6839,-0.7997,captura
49,0,1,4,0,14,9.8019,-2.7557,-0.8236,captura
49,0,1,6,0,15,9.7659,-2.0853,-0.5794,captura
49,1,1,9,0,17,9.8354,-2.2984,-0.6536,captura
49,2,2,12,0,20,9.8402,-2.3176,-0.7326,captura
49,4,3,15,0,22,9.6415,-2.3774,-0.9673,captura
49,5,4,15,0,23,9.8043,-2.3272,-0.9553,captura
49,6,4,16,0,25,9.7252,-2.2697,-0.9266,captura
50,15,9,22,0,42,9.7683,-2.1548,-0.8068,captura
50,15,9,22,0,42,9.7683,-2.1452,-0.7278,captura
50,16,10,22,0,42,9.7636,-2.5402,-0.5243,captura
50,16,14,23,0,49,9.73,-2.8204,-0.4118,captura
50,34,30,46,0,85,9.3948,-3.6751,-1.0104,captura
50,100,64,100,72,100,9.2129,-1.4653,-0.7661,captura
50,100,77,100,70,100,9.2608,-3.565,-0.6728,captura
50,97,73,97,65,100,9.9144,-3.3495,-0.261,captura
50,85,47,59,46,100,9.6367,-2.9066,-1.4533,captura
50,91,39,80,53,100,9.2225,-1.6089,-2.5163,captura
50,97,72,99,65,100,10.7811,-4.1731,-1.0463,captura
50,94,71,98,63,100,8.9399,-2.4708,-0.6225,captura
50,54,33,55,3,92,10.4555,-0.0862,1.5778,captura
50,0,0,0,0,0,9.73,-1.6017,-0.4166,captura
50,0,0,0,0,0,9.7492,-3.6799,-0.8116,captura
50,0,0,0,0,2,9.4643,-3.0526,-0.34,captura
50,0,0,0,0,2,9.9288,-2.5379,-0.1365,captura
50,0,1,0,0,3,9.9168,-2.7749,-0.2203,captura
50,0,2,0,0,5,9.5624,-2.7988,-0.3136,captura
50,0,3,0,0,6,9.7636,-2.8754,-0.565,captura
